username,followers,following
thestandnews,316457,1
chapmantoslateshow,730291,395
gavin.motion,6420,892
dunnadidit,13958,241
exo.calisthenics,12601,1630
lucancoutts,57605,487
thechrishau,291317,418
_alexqian,15539,1218
v.ahide,453,578
thevergeart,37544,26
momenttravel,67967,97
googlepixel,411333,107
oneplus,2774406,22
verge,1321536,139
moment,496355,429
mkbhd,2114163,326
stalman,58246,337
kajuthepaw,84,72
cls_chilsin,76006,1
jordi.koalitic,806330,840
gopro,16038100,312
danielkordan,1142552,939
djiglobal,2246893,170
sonyalphagallery,68059,2
sonyalphapro,182450,1
artofvisuals,1817578,1036
lightroom,1684399,291
sonyalpha,1644735,162
trxtraining,675402,891
roam,838199,406
nonkul,1596590,657
zoeeettt,446,98
sleepyamephotographs,130,189
bubeycat,4610,790
honeyandmustardpups,71,58
jeverett.whativelearned,4986,1
athleanx,1606170,81
easyfitness.easyfitness,3878,92
chopragauri,13600,3758
a87927,2037,985
skillyoga,2787,94
jacksonwang852g7,14987014,373
packandgetlost,1462,387
redcici118,1017,256
thor.s_,592,503
prime_the_bengal,125562,181
meeka_bengal,68340,391
kengeiger,197573,921
oatmeal_ragdoll,76,161
nini_lc,111,371
vatattoo.art,1634,435
meendeenjinggung,91119,300
aliwong,1562433,1195
conqueror_cho,232,196
ashninety9,19775,817
joelsartore,1400605,301
bo_mang_co,266643,407
wild.ark,80346,762
vishal_subramanyan_photography,5442,911
natures,1802121,19
hundetraum_lupo,9872,286
thedodo,7132169,4191
amy_simba,178731,150
daledelarey,1916,255
phives,63589,1084
wildwildwestphotography,17237,786
hana__kitty,599241,691
janusfungg,216,166
ladzinski,1510379,1310
adidasterrex,250995,192
urbanfeline,12280,241
vivianaaw,209,368
leolin0217,152,372
ketmaneeisara,3022,577
luycho,26347,454
takemymoney,991227,28
radicalthach,1238,1069
sandymingg,1360,918
keshabritishbluecat,11955,417
deuxfelinsetdemi,150,329
mycitykitty,2276,35
miniusa,107907,203
harnaswildlifefoundation,45484,190
earthfocus,4108843,111
shaazjung,305796,508
caseymcperry,193737,814
kikuchi_taisei,94213,1351
masego,450036,304
frenchkiwijuice,339401,628
bnw_sonny,5902,1235
yuma_and_laura,59052,361
lyo.thecat,131726,82
seantuck,198218,1212
yuyanpeng,4603747,797
sebastian_jwb,14154,539
sassy_sady_,5690,761
catdaddy_official,36583,6854
thetwolittlemunchkins,40564,176
sweetcatshub,17827,1262
southgrain,1220,22
kpunkka,1301647,367
stellamariabaer,186100,337
samuelelkins,748291,559
diana_zap,11892,427
sam.vox,49478,495
codathewoof,70762,2
dllln,54924,221
hodinkee,588250,1315
errol.the.cat,119672,101
keefshoots,13350,945
weyjones,6,8
chrisbrockhurst,4339,425
donkomphoto,15918,335
apc_paris,1085532,366
brandonwoelfel,3054703,1388
petermckinnon,1969933,143
mattih,260880,315
lin.taro,17953,422
sukiicat,1575989,297
tunatheadventurecat,63166,549
mainecoonqueens,229269,222
xafiandauri,128780,163
alifahsphotography,16822,997
bryant_hyun,14285,1156
r4s,58059,503
streets_vision,575329,317
bretblakely,7874,732
infiniteskylife,3919,959
ny_usa2002,46411,502
trentluka,3197,890
itseriksen,131104,333
antaeyoung.photo.gr,1658,1587
codyblue_,19730,563
kaimanwong,207731,409
theromanusx,3231,938
johnny_fpv,380408,887
8eom38yf,3703,193
clara.grr,15451,2200
alberthbyang,63900,305
offroadvibes,14730,1136
say_yes_to_the_address,6905,5169
jeremypeters_wildlife,10499,780
hike.vibes,128448,957
moya.strana.rossia,4252,1092
kevinfaingnaert,20793,461
streetmensy,398834,12
_nivedita_prasad_,964,711
mister_993,599,625
mattiasburling,32347,161
jayalvarrez,6455622,1198
konstantin_noskos,94404,632
michaelwojcikphotography,3844,589
brandon_._c,204,154
adicutic,16139,1187
davidlloyd,137883,290
hosico_cat,1611523,300
noralorek,66274,383
tarek_fotografo,6211,1469
michaelwoloszynowicz,103254,937
light.shapers,244025,679
lee_jeffries,355789,237
brianingramphoto,22304,145
liothesaluki,1926,336
97_liv,213,276
juzzycarter,223699,1892
mauriziotoniato_photo,54648,4660
serhat_demiroglu_photography,37085,515
hammond_robin,196051,1353
banffmountainfestival,19243,349
max.lowe,113219,1002
indikaestudio,6537,1750
jengel85,15090,2424
chinnie.c,433,296
spaghetti_n_balls,4613,433
takuro_hama_cheung,3409,998
chloee_man,508,1094
sirajraval,24094,1522
grindmagazine,64161,439
discoverwildlife,702491,201
yannietanpiano,6933,257
tmaagphotography,13564,3776
_lenalemon,30550,515
aaronbhall,272043,801
thiswildidea,1352616,471
alexstrohl,2080691,647
visualsofjulius,304646,580
shot_earth,39782,3553
bobnarsimon,17729,4181
sabiancymbals_official,408155,808
teamcoco,1442207,7133
adamwhittaker.nyc,23116,1688
korn_official,1806624,32
radiohead,1398368,3
kuotafoto,125,40
ooonne,275,279
donnawong12,88,188
take_magazine,39688,21
viiphoto,393716,225
henrifilm,53839,996
yamashitaphoto,1611269,418
renzo.carraro.photo,16190,7330
laurazambelliphotographer,33026,1125
ghostexposure,19488,0
denayoungphotography,9949,3852
imaginarymagnitude,88217,475
silvia.txs,34674,7526
ccy_michelle,1387,593
marshall.gobel,14637,1538
lp_droneography,13296,114
imperfectframe,37897,1102
amdsyc,10890,5313
thecherno,5745,133
angela_nikolau,625240,223
lychi_mochimama,279,341
lychi_mochi_thegolden,2183,1933
alessandro_bergamini_travel,63134,3081
worldpressphoto,1259388,853
alan_schaller,418786,272
kasiditn,619,1072
3blue1brown_animations,8471,31
reuters,2449463,145
fchu666,189,376
nataluy,209,352
ykdojo,10969,201
jm_wesley,420,615
didglxl,363,290
jadebryant,29936,379
kadence.leung,299,459
openbionics,55429,34
sonoya,118253,705
sunmimilee,7785,484
jomaoppa,16784,582
gennythomas,2741,855
jjenny.lii,148,163
teslamotors,6118701,17
alamfish,63140,5257
rickandmorty,3562050,87
wisleytong,979,1126
tkotchetov,290,150
sxbb,62,89
jeffvancy,89079,674
kevinhart4real,78519676,579
yosuke_kubozuka,640393,0
angelalee_syl,175,242
stfeyes,29006,651
cnet,675541,152
michellllo,393,403
queenie.wtn,247,326
jessicakkw,65,105
iamkingjer,296865,848
edwardchanfilmphotography,79,60
willsmith,36520396,152
cuerponegro,38733,3136
francescocamilloph,3831,569
tiffyybeans,5082,2269
sfyncy,142,393
hoyanchan,378,375
mikeholston,5973285,2028
nickwooster,777433,6019
stevemccurryofficial,2762775,782
joshkjack,153025,340
streetphotographyinternational,1018193,51
magnumphotos,3251764,140
gettyarchive,73158,96
ming_4,194,259
edu328,116,66
mrdiaz_hk,93,119
vanlinggg,374,286
imayoush,478,325
artdesign,2071,60
ross_schram,52632,520
howardksw,198,231
nicoming1011,465,744
kevinlauph,443,534
evenwu210,1532,46
aa0114_txt,15769,3061
andrew_lin_seattle,85,165
billyinspo,85211,2093
thomasholmphoto,117148,559
paulnicklen,5691407,1100
bashtheberner,2285,4888
kooshun,200,734
borritokwokamole,242,697
himsom0528,279,914
gregorio,730264,88
abd_alkader_habak,2342,2172
ataur_t_rahman,295,730
ivannnnnnlam,197,285
1843mag,190790,68
kittymakc,6,11
evdokimov_photos,11077,1830
gettyimages,1316210,338
afpphoto,492005,283
playboy,7515412,576
ohadkab,33288,1274
life.file,14665,983
gorillaz,1880616,89
andreasbergstrom83,30777,998
julien,168712,348
karman_cc_,108,192
carolngansilam,570,476
manixpoon,224,364
mitch.the.bish,166,181
carolyn.nk,83,86
ronan_donovan,297925,1198
benedictasekar,931,919
jmzip_,109,95
jubaee,270654,1139
_lola_._.__,72,87
bestfoodseattle,87965,2608
amandaaaaaaaaaay,437,608
zuck,5367339,372
whenshehigh,52,113
garysuennnn,473,808
chloekoin,563,502
missjni,634048,565
valeriehoho,175,171
wwyin99,313,577
chitchit,598,621
natgeotravel,33490884,83
nasa,47896981,85
highsnobiety,3015368,802
life,2562860,98
forbes,3944621,102
time,7847046,175
gentlemanmodern,188079,3816
highfashionmen,2646787,95
theeconomist,3837830,59
gqstyle,363953,400
esquire,426018,1200
phoebepoonn,607,656
s.wong_,522,207
edwardchanresearch,142,472
clody53,285,466
dadthreads,176652,5562
insighting,289717,134
yock7,61857,418
rainbowchunggg,778,647
ctwcym,2613,1190
kennyw0221,192,285
yk,312403,400
itsreuben,175245,977
mattiasklumofficial,752023,214
clare_tai,579,1535
fat_gen37,470,491
beanbeannnnn,363,598
jackiewong1111,490,695
brian_yau,478,439
edmondwai93,417,1216
suki_ngan,443,300
helen.um,745,459
lawrence_klc,208,365
ivankphoto,161026,1034
therealkingian34,476,504
carrieleekal,306,378
thepacman82,754860,349
oliverpeoples,260935,5
roland_cc,779,1211
thephotosociety,5115386,165
natgeo,118797015,131
ipziii,280,287
wwwingsze,311,606
rico_9c,371101,445
zeldachiu,398,412
user_jl,80,524
ana_s_delfosse,1198,1159
dariusfung,130,97
tintung,1481,878
_baiyuqi_,298,123
swissjeansfreak,45206,3836
amy880770,2346,839
brianchanhk,205,179
_antisocial.com_,35,187
karuhautosa,517,661
ballukp_02,1054,632
wornandwound,138400,992
cheapestnatostraps,52177,480
pink0118,292,371
macchalattekun,573,695
01m23d,1223,702
glorychl,1787,989
sarahngg,573,987
yoonaaaa1212,263,292
mercedesbenz,22078407,792
muradosmann,4152648,763
klaus_ckf,381,420
wia.ru,833,787
josy9027,144,201
teejasss,841,1114
mwinsp,46196,213
sunnyyang113,50,69
kavier_lo,259,402
danbilzerian,27974988,321
rosemarieaglinao,36,81
hannah_wangwang,484,332
tsoshang,156,177
anniexho,401,426
dexter029,129,160
geoffs_muse,378,260
kelvinttf,463,607
carharttwip,917170,21
tracyqiuwei,1853,131
baizihuang,93,20
nelson_zhu,206,425
fffdragonnnnnn,239,347
glitterxuan,153,88
strawberry__5,441,617
ihfung,1159,818
be_a_better_girl,35,59
thomas8668,137,177
noel_tingting,577,342
gq,4948687,641
topman,695107,776
annicewong,205,259
hypebeast,7901854,20
cynthiaaax,832,991
joeykongk,308,332
jocelyn_ntl,731,517
sa_man_da,1053,887
yeungchingjaai,1035,988
amy_fan_93,213,216
adamwu124,527,1066
shujai,365,374
nudiejeans,176980,42
karenkwok214,364,236
leungkwanwaiii,20,19
cheryllkwww,500,414
8fact,7804369,15
confuci_dun,260,293
bennysars123,593,411
9gag,50688705,30
rain827,185,661
edwardamg,310,479
cheungheihei,412,648
sheronsks,1022,634
pinkytseym,584,716
debubule,440,280
jonjonwoo,338,485
manxlee,276,682
peghyko,259,560
hunterwong,220,530
leungkwanwai,7538,421
beatricesam,1508,709
alvinalvinwong,487,307
wongyuenyingg,556,456
jodiewsn,358,301
himmanccc,290,483
j__wood,551,440
ayowing,2053,874
kalocheung,709,347
nickkkdiazz,249,276
im_andy,147,235
chonheiho,512,486
chun_edwin,342,328
hoonchung,413,301
yankeehho,2607,595
katlkc,1754,670
chanwill_,368,400
waikioo,1674,743
cococo_ccy,597,497
loktingk,344,724
janetung1111,4590,408
twrenchlh,638,479
